cd_acao_rdz;cd_acao;nm_empresa;setor_economico;subsetor;segmento;cnpj
CSAN;CSAN3;COSAN;PETRÓLEO, GÁS E BIOCOMBUSTÍVEIS;PETRÓLEO, GÁS E BIOCOMBUSTÍVEIS;EXPLORAÇÃO, REFINO E DISTRIBUIÇÃO;50.746.577/0001-15
DMMO;DMMO11, DMMO3;DOMMO;PETRÓLEO, GÁS E BIOCOMBUSTÍVEIS;PETRÓLEO, GÁS E BIOCOMBUSTÍVEIS;EXPLORAÇÃO, REFINO E DISTRIBUIÇÃO;08.926.302/0001-05
ENAT;ENAT3;ENAUTA PART;PETRÓLEO, GÁS E BIOCOMBUSTÍVEIS;PETRÓLEO, GÁS E BIOCOMBUSTÍVEIS;EXPLORAÇÃO, REFINO E DISTRIBUIÇÃO;11.669.021/0001-10
RPMG;RPMG3;PET MANGUINH;PETRÓLEO, GÁS E BIOCOMBUSTÍVEIS;PETRÓLEO, GÁS E BIOCOMBUSTÍVEIS;EXPLORAÇÃO, REFINO E DISTRIBUIÇÃO;33.412.081/0001-96
PETR;PETR4, PETR3;PETROBRAS;PETRÓLEO, GÁS E BIOCOMBUSTÍVEIS;PETRÓLEO, GÁS E BIOCOMBUSTÍVEIS;EXPLORAÇÃO, REFINO E DISTRIBUIÇÃO;33.000.167/0001-01
BRDT;BRDT3;PETROBRAS BR;PETRÓLEO, GÁS E BIOCOMBUSTÍVEIS;PETRÓLEO, GÁS E BIOCOMBUSTÍVEIS;EXPLORAÇÃO, REFINO E DISTRIBUIÇÃO;34.274.233/0001-02
PRIO;PRIO3;PETRORIO;PETRÓLEO, GÁS E BIOCOMBUSTÍVEIS;PETRÓLEO, GÁS E BIOCOMBUSTÍVEIS;EXPLORAÇÃO, REFINO E DISTRIBUIÇÃO;10.629.105/0001-68
UGPA;UGPA3;ULTRAPAR;PETRÓLEO, GÁS E BIOCOMBUSTÍVEIS;PETRÓLEO, GÁS E BIOCOMBUSTÍVEIS;EXPLORAÇÃO, REFINO E DISTRIBUIÇÃO;33.256.439/0001-39
LUPA;LUPA3;LUPATECH;PETRÓLEO, GÁS E BIOCOMBUSTÍVEIS;PETRÓLEO, GÁS E BIOCOMBUSTÍVEIS;EQUIPAMENTOS E SERVIÇOS;89.463.822/0001-12
OSXB;OSXB3;OSX BRASIL;PETRÓLEO, GÁS E BIOCOMBUSTÍVEIS;PETRÓLEO, GÁS E BIOCOMBUSTÍVEIS;EQUIPAMENTOS E SERVIÇOS;09.112.685/0001-32
BRAP;BRAP4, BRAP3;BRADESPAR;MATERIAIS BÁSICOS;MINERAÇÃO;MINERAIS METÁLICOS;03.847.461/0001-92
LTEL;LTEL3B;LITEL;MATERIAIS BÁSICOS;MINERAÇÃO;MINERAIS METÁLICOS;00.743.065/0001-27
LTLA;LTLA3B;LITELA;MATERIAIS BÁSICOS;MINERAÇÃO;MINERAIS METÁLICOS;05.495.546/0001-84
MMXM;MMXM3;MMX MINER;MATERIAIS BÁSICOS;MINERAÇÃO;MINERAIS METÁLICOS;02.762.115/0001-49
VALE;VALE3;VALE;MATERIAIS BÁSICOS;MINERAÇÃO;MINERAIS METÁLICOS;33.592.510/0001-54
FESA;FESA4, FESA3;FERBASA;MATERIAIS BÁSICOS;SIDERURGIA E METALURGIA;SIDERURGIA;15.141.799/0001-03
GGBR;GGBR3, GGBR4;GERDAU;MATERIAIS BÁSICOS;SIDERURGIA E METALURGIA;SIDERURGIA;33.611.500/0001-19
GOAU;GOAU3, GOAU4;GERDAU MET;MATERIAIS BÁSICOS;SIDERURGIA E METALURGIA;SIDERURGIA;92.690.783/0001-09
CSNA;CSNA3;SID NACIONAL;MATERIAIS BÁSICOS;SIDERURGIA E METALURGIA;SIDERURGIA;33.042.730/0001-04
USIM;USIM6, USIM5, USIM3;USIMINAS;MATERIAIS BÁSICOS;SIDERURGIA E METALURGIA;SIDERURGIA;60.894.730/0001-05
MGEL;MGEL3, MGEL4;MANGELS INDL;MATERIAIS BÁSICOS;SIDERURGIA E METALURGIA;ARTEFATOS DE FERRO E AÇO;61.065.298/0001-02
PATI;PATI3, PATI4;PANATLANTICA;MATERIAIS BÁSICOS;SIDERURGIA E METALURGIA;ARTEFATOS DE FERRO E AÇO;92.693.019/0001-89
TKNO;TKNO3, TKNO4;TEKNO;MATERIAIS BÁSICOS;SIDERURGIA E METALURGIA;ARTEFATOS DE FERRO E AÇO;33.467.572/0001-34
PMAM;PMAM3;PARANAPANEMA;MATERIAIS BÁSICOS;SIDERURGIA E METALURGIA;ARTEFATOS DE COBRE;60.398.369/0004-79
BRKM;BRKM6, BRKM5, BRKM3;BRASKEM;MATERIAIS BÁSICOS;QUÍMICOS;PETROQUÍMICOS;42.150.391/0001-70
ELEK;ELEK3, ELEK4;ELEKEIROZ;MATERIAIS BÁSICOS;QUÍMICOS;PETROQUÍMICOS;13.788.120/0001-47
GPCP;GPCP3, GPCP4;GPC PART;MATERIAIS BÁSICOS;QUÍMICOS;PETROQUÍMICOS;02.193.750/0001-52
FHER;FHER3;FER HERINGER;MATERIAIS BÁSICOS;QUÍMICOS;FERTILIZANTES E DEFENSIVOS;22.266.175/0001-88
NUTR;;NUTRIPLANT;MATERIAIS BÁSICOS;QUÍMICOS;FERTILIZANTES E DEFENSIVOS;
CRPG;CRPG3, CRPG5, CRPG6;CRISTAL;MATERIAIS BÁSICOS;QUÍMICOS;QUÍMICOS DIVERSOS;15.115.504/0001-24
UNIP;UNIP3, UNIP5, UNIP6;UNIPAR;MATERIAIS BÁSICOS;QUÍMICOS;QUÍMICOS DIVERSOS;33.958.695/0001-78
DTEX;DTEX3;DURATEX;MATERIAIS BÁSICOS;MADEIRA E PAPEL;MADEIRA;97.837.181/0001-47
EUCA;EUCA4, EUCA3;EUCATEX;MATERIAIS BÁSICOS;MADEIRA E PAPEL;MADEIRA;56.643.018/0001-66
RANI;RANI3, RANI4;IRANI;MATERIAIS BÁSICOS;MADEIRA E PAPEL;PAPEL E CELULOSE;92.791.243/0001-03
KLBN;KLBN11, KLBN3, KLBN4;KLABIN S/A;MATERIAIS BÁSICOS;MADEIRA E PAPEL;PAPEL E CELULOSE;89.637.490/0001-45
MSPA;MSPA3, MSPA4;MELHOR SP;MATERIAIS BÁSICOS;MADEIRA E PAPEL;PAPEL E CELULOSE;60.730.348/0001-66
STTZ;;SANTHER;MATERIAIS BÁSICOS;MADEIRA E PAPEL;PAPEL E CELULOSE;
NEMO;NEMO3, NEMO5, NEMO6;SUZANO HOLD;MATERIAIS BÁSICOS;MADEIRA E PAPEL;PAPEL E CELULOSE;60.651.809/0001-05
SUZB;SUZB3;SUZANO S.A.;MATERIAIS BÁSICOS;MADEIRA E PAPEL;PAPEL E CELULOSE;16.404.287/0001-55
MTIG;MTIG3, MTIG4;METAL IGUACU;MATERIAIS BÁSICOS;EMBALAGENS;EMBALAGENS;80.227.184/0001-66
SNSY;SNSY3, SNSY5, SNSY6;SANSUY;MATERIAIS BÁSICOS;MATERIAIS DIVERSOS;MATERIAIS DIVERSOS;14.807.945/0001-24
ETER;ETER3;ETERNIT;BENS INDUSTRIAIS;CONSTRUÇÃO E ENGENHARIA;PRODUTOS PARA CONSTRUÇÃO;61.092.037/0001-81
HAGA;HAGA3, HAGA4;HAGA S/A;BENS INDUSTRIAIS;CONSTRUÇÃO E ENGENHARIA;PRODUTOS PARA CONSTRUÇÃO;30.540.991/0001-66
PTBL;PTBL3;PORTOBELLO;BENS INDUSTRIAIS;CONSTRUÇÃO E ENGENHARIA;PRODUTOS PARA CONSTRUÇÃO;83.475.913/0001-91
AZEV;AZEV3, AZEV4;AZEVEDO;BENS INDUSTRIAIS;CONSTRUÇÃO E ENGENHARIA;CONSTRUÇÃO PESADA;61.351.532/0001-68
SOND;SOND3, SOND5, SOND6;SONDOTECNICA;BENS INDUSTRIAIS;CONSTRUÇÃO E ENGENHARIA;ENGENHARIA CONSULTIVA;33.386.210/0001-19
TCNO;TCNO3, TCNO4;TECNOSOLO;BENS INDUSTRIAIS;CONSTRUÇÃO E ENGENHARIA;ENGENHARIA CONSULTIVA;33.111.246/0001-90
MILS;MILS3;MILLS;BENS INDUSTRIAIS;CONSTRUÇÃO E ENGENHARIA;SERVIÇOS DIVERSOS;27.093.558/0001-15
EMBR;EMBR3;EMBRAER;BENS INDUSTRIAIS;MATERIAL DE TRANSPORTE;MATERIAL AERONÁUTICO E DE DEFESA;07.689.002/0001-89
FRAS;FRAS3;FRAS-LE;BENS INDUSTRIAIS;MATERIAL DE TRANSPORTE;MATERIAL RODOVIÁRIO;88.610.126/0001-29
POMO;POMO4, POMO3;MARCOPOLO;BENS INDUSTRIAIS;MATERIAL DE TRANSPORTE;MATERIAL RODOVIÁRIO;88.611.835/0001-29
RAPT;RAPT4, RAPT3;RANDON PART;BENS INDUSTRIAIS;MATERIAL DE TRANSPORTE;MATERIAL RODOVIÁRIO;89.086.144/0001-16
RCSL;RCSL3, RCSL4;RECRUSUL;BENS INDUSTRIAIS;MATERIAL DE TRANSPORTE;MATERIAL RODOVIÁRIO;91.333.666/0001-17
RSUL;RSUL3, RSUL4;RIOSULENSE;BENS INDUSTRIAIS;MATERIAL DE TRANSPORTE;MATERIAL RODOVIÁRIO;85.778.074/0001-06
TUPY;TUPY3;TUPY;BENS INDUSTRIAIS;MATERIAL DE TRANSPORTE;MATERIAL RODOVIÁRIO;84.683.374/0001-49
MWET;MWET3, MWET4;WETZEL S/A;BENS INDUSTRIAIS;MATERIAL DE TRANSPORTE;MATERIAL RODOVIÁRIO;84.683.671/0001-94
SHUL;SHUL4, SHUL3;SCHULZ;BENS INDUSTRIAIS;MÁQUINAS E EQUIPAMENTOS;MOTORES, COMPRESSORES E OUTROS;84.693.183/0001-68
WEGE;WEGE3;WEG;BENS INDUSTRIAIS;MÁQUINAS E EQUIPAMENTOS;MOTORES, COMPRESSORES E OUTROS;84.429.695/0001-11
EALT;EALT3, EALT4;ACO ALTONA;BENS INDUSTRIAIS;MÁQUINAS E EQUIPAMENTOS;MÁQ. E EQUIP. INDUSTRIAIS;82.643.537/0001-34
BDLL;BDLL4, BDLL3;BARDELLA;BENS INDUSTRIAIS;MÁQUINAS E EQUIPAMENTOS;MÁQ. E EQUIP. INDUSTRIAIS;60.851.615/0001-53
ROMI;ROMI3;INDS ROMI;BENS INDUSTRIAIS;MÁQUINAS E EQUIPAMENTOS;MÁQ. E EQUIP. INDUSTRIAIS;56.720.428/0001-63
INEP;INEP4, INEP3;INEPAR;BENS INDUSTRIAIS;MÁQUINAS E EQUIPAMENTOS;MÁQ. E EQUIP. INDUSTRIAIS;76.627.504/0001-06
KEPL;KEPL3;KEPLER WEBER;BENS INDUSTRIAIS;MÁQUINAS E EQUIPAMENTOS;MÁQ. E EQUIP. INDUSTRIAIS;91.983.056/0001-69
FRIO;FRIO3;METALFRIO;BENS INDUSTRIAIS;MÁQUINAS E EQUIPAMENTOS;MÁQ. E EQUIP. INDUSTRIAIS;04.821.041/0001-08
NORD;NORD3;NORDON MET;BENS INDUSTRIAIS;MÁQUINAS E EQUIPAMENTOS;MÁQ. E EQUIP. INDUSTRIAIS;60.884.319/0001-59
PTCA;PTCA11, PTCA3;PRATICA;BENS INDUSTRIAIS;MÁQUINAS E EQUIPAMENTOS;MÁQ. E EQUIP. INDUSTRIAIS;08.574.411/0001-00
MTSA;MTSA3, MTSA4;METISA;BENS INDUSTRIAIS;MÁQUINAS E EQUIPAMENTOS;MÁQ. E EQUIP. CONSTRUÇÃO E AGRÍCOLAS;86.375.425/0001-09
STTR;;STARA;BENS INDUSTRIAIS;MÁQUINAS E EQUIPAMENTOS;MÁQ. E EQUIP. CONSTRUÇÃO E AGRÍCOLAS;
TASA;TASA13, TASA15, TASA17, TASA3, TASA4;TAURUS ARMAS;BENS INDUSTRIAIS;MÁQUINAS E EQUIPAMENTOS;ARMAS E MUNIÇÕES;92.781.335/0001-02
AZUL;AZUL4;AZUL;BENS INDUSTRIAIS;TRANSPORTE;TRANSPORTE AÉREO;09.305.994/0001-29
GOLL;GOLL11, GOLL4;GOL;BENS INDUSTRIAIS;TRANSPORTE;TRANSPORTE AÉREO;06.164.253/0001-87
FRRN;FRRN3B, FRRN5B, FRRN6B;ALL NORTE;BENS INDUSTRIAIS;TRANSPORTE;TRANSPORTE FERROVIÁRIO;24.962.466/0001-36
GASC;;ALL PAULISTA;BENS INDUSTRIAIS;TRANSPORTE;TRANSPORTE FERROVIÁRIO;
RLOG;RLOG3;COSAN LOG;BENS INDUSTRIAIS;TRANSPORTE;TRANSPORTE FERROVIÁRIO;17.346.997/0001-39
VSPT;VSPT3, VSPT4;FER C ATLANT;BENS INDUSTRIAIS;TRANSPORTE;TRANSPORTE FERROVIÁRIO;00.924.429/0001-75
MRSA;MRSA3B, MRSA5B, MRSA6B;MRS LOGIST;BENS INDUSTRIAIS;TRANSPORTE;TRANSPORTE FERROVIÁRIO;01.417.222/0001-77
RAIL;RAIL3;RUMO S.A.;BENS INDUSTRIAIS;TRANSPORTE;TRANSPORTE FERROVIÁRIO;02.387.241/0001-60
LOGN;LOGN3;LOG-IN;BENS INDUSTRIAIS;TRANSPORTE;TRANSPORTE HIDROVIÁRIO;42.278.291/0001-24
LUXM;LUXM3, LUXM4;TREVISA;BENS INDUSTRIAIS;TRANSPORTE;TRANSPORTE HIDROVIÁRIO;92.660.570/0001-26
JSLG;JSLG3;JSL;BENS INDUSTRIAIS;TRANSPORTE;TRANSPORTE RODOVIÁRIO;52.548.435/0001-79
TGMA;TGMA3;TEGMA;BENS INDUSTRIAIS;TRANSPORTE;TRANSPORTE RODOVIÁRIO;02.351.144/0001-18
ANHB;;AUTOBAN;BENS INDUSTRIAIS;TRANSPORTE;EXPLORAÇÃO DE RODOVIAS;
CCRO;CCRO3;CCR SA;BENS INDUSTRIAIS;TRANSPORTE;EXPLORAÇÃO DE RODOVIAS;02.846.056/0001-97
RPTA;;CONC RAPOSO;BENS INDUSTRIAIS;TRANSPORTE;EXPLORAÇÃO DE RODOVIAS;
CRTE;CRTE3B, CRTE5B;CONC RIO TER;BENS INDUSTRIAIS;TRANSPORTE;EXPLORAÇÃO DE RODOVIAS;00.938.574/0001-05
ERDV;;ECON;BENS INDUSTRIAIS;TRANSPORTE;EXPLORAÇÃO DE RODOVIAS;
ECNT;;ECONORTE;BENS INDUSTRIAIS;TRANSPORTE;EXPLORAÇÃO DE RODOVIAS;
ASCP;;ECOPISTAS;BENS INDUSTRIAIS;TRANSPORTE;EXPLORAÇÃO DE RODOVIAS;
ECOR;ECOR3;ECORODOVIAS;BENS INDUSTRIAIS;TRANSPORTE;EXPLORAÇÃO DE RODOVIAS;04.149.454/0001-80
ECOV;;ECOVIAS;BENS INDUSTRIAIS;TRANSPORTE;EXPLORAÇÃO DE RODOVIAS;
COLN;;ROD COLINAS;BENS INDUSTRIAIS;TRANSPORTE;EXPLORAÇÃO DE RODOVIAS;
RDVT;;ROD TIETE;BENS INDUSTRIAIS;TRANSPORTE;EXPLORAÇÃO DE RODOVIAS;
CRBD;;RT BANDEIRAS;BENS INDUSTRIAIS;TRANSPORTE;EXPLORAÇÃO DE RODOVIAS;
TRIA;;TRIANGULOSOL;BENS INDUSTRIAIS;TRANSPORTE;EXPLORAÇÃO DE RODOVIAS;
TPIS;TPIS3;TRIUNFO PART;BENS INDUSTRIAIS;TRANSPORTE;EXPLORAÇÃO DE RODOVIAS;03.014.553/0001-91
VOES;;VIAOESTE;BENS INDUSTRIAIS;TRANSPORTE;EXPLORAÇÃO DE RODOVIAS;
AGRU;;GRUAIRPORT;BENS INDUSTRIAIS;TRANSPORTE;SERVIÇOS DE APOIO E ARMAZENAGEM;
PSVM;PSVM11;PORTO VM;BENS INDUSTRIAIS;TRANSPORTE;SERVIÇOS DE APOIO E ARMAZENAGEM;18.494.485/0001-82
IVPR;IVPR4B, IVPR3B;INVEPAR;BENS INDUSTRIAIS;TRANSPORTE;SERVIÇOS DE APOIO E ARMAZENAGEM;03.758.318/0001-24
SAIP;;SALUS INFRA;BENS INDUSTRIAIS;TRANSPORTE;SERVIÇOS DE APOIO E ARMAZENAGEM;
STBP;STBP3;SANTOS BRP;BENS INDUSTRIAIS;TRANSPORTE;SERVIÇOS DE APOIO E ARMAZENAGEM;02.762.121/0001-04
WSON;WSON33;WILSON SONS;BENS INDUSTRIAIS;TRANSPORTE;SERVIÇOS DE APOIO E ARMAZENAGEM;05.721.735/0001-28
ATMP;;ATMASA;BENS INDUSTRIAIS;SERVIÇOS DIVERSOS;SERVIÇOS DIVERSOS;
BBML;BBML3;BBMLOGISTICA;BENS INDUSTRIAIS;SERVIÇOS DIVERSOS;SERVIÇOS DIVERSOS;01.107.327/0001-20
CARD;CARD3;CSU CARDSYST;BENS INDUSTRIAIS;SERVIÇOS DIVERSOS;SERVIÇOS DIVERSOS;01.896.779/0001-38
DTCY;DTCY3, DTCY4;DTCOM-DIRECT;BENS INDUSTRIAIS;SERVIÇOS DIVERSOS;SERVIÇOS DIVERSOS;03.303.999/0001-36
FLEX;FLEX3;FLEX S/A;BENS INDUSTRIAIS;SERVIÇOS DIVERSOS;SERVIÇOS DIVERSOS;10.851.805/0001-00
PRNR;PRNR3;PRINER;BENS INDUSTRIAIS;SERVIÇOS DIVERSOS;SERVIÇOS DIVERSOS;18.593.815/0001-97
VLID;VLID3;VALID;BENS INDUSTRIAIS;SERVIÇOS DIVERSOS;SERVIÇOS DIVERSOS;33.113.309/0001-47
BTTL;BTTL3;BATTISTELLA;BENS INDUSTRIAIS;COMÉRCIO;MATERIAL DE TRANSPORTE;42.331.462/0001-31
MMAQ;MMAQ3, MMAQ4;MINASMAQUINA;BENS INDUSTRIAIS;COMÉRCIO;MATERIAL DE TRANSPORTE;17.161.241/0001-15
WLMM;WLMM3, WLMM4;WLM IND COM;BENS INDUSTRIAIS;COMÉRCIO;MATERIAL DE TRANSPORTE;33.228.024/0001-51
APTI;APTI3, APTI4;ALIPERTI;CONSUMO NÃO CÍCLICO;AGROPECUÁRIA;AGRICULTURA;61.156.931/0001-78
AGRO;AGRO3;BRASILAGRO;CONSUMO NÃO CÍCLICO;AGROPECUÁRIA;AGRICULTURA;07.628.528/0001-59
FRTA;FRTA3;POMIFRUTAS;CONSUMO NÃO CÍCLICO;AGROPECUÁRIA;AGRICULTURA;86.550.951/0001-50
SLCE;SLCE3;SLC AGRICOLA;CONSUMO NÃO CÍCLICO;AGROPECUÁRIA;AGRICULTURA;89.096.457/0001-55
TESA;TESA12, TESA3;TERRA SANTA;CONSUMO NÃO CÍCLICO;AGROPECUÁRIA;AGRICULTURA;05.799.312/0001-20
BSEV;BSEV3;BIOSEV;CONSUMO NÃO CÍCLICO;ALIMENTOS PROCESSADOS;AÇUCAR E ALCOOL;15.527.906/0001-36
RESA;;RAIZEN ENERG;CONSUMO NÃO CÍCLICO;ALIMENTOS PROCESSADOS;AÇUCAR E ALCOOL;
SMTO;SMTO3;SAO MARTINHO;CONSUMO NÃO CÍCLICO;ALIMENTOS PROCESSADOS;AÇUCAR E ALCOOL;51.466.860/0001-56
BRFS;BRFS3;BRF SA;CONSUMO NÃO CÍCLICO;ALIMENTOS PROCESSADOS;CARNES E DERIVADOS;01.838.723/0001-27
BAUH;BAUH3, BAUH4;EXCELSIOR;CONSUMO NÃO CÍCLICO;ALIMENTOS PROCESSADOS;CARNES E DERIVADOS;95.426.862/0001-97
JBSS;JBSS3;JBS;CONSUMO NÃO CÍCLICO;ALIMENTOS PROCESSADOS;CARNES E DERIVADOS;02.916.265/0001-60
MRFG;MRFG3;MARFRIG;CONSUMO NÃO CÍCLICO;ALIMENTOS PROCESSADOS;CARNES E DERIVADOS;03.853.896/0001-40
BEEF;BEEF3, BEEF11;MINERVA;CONSUMO NÃO CÍCLICO;ALIMENTOS PROCESSADOS;CARNES E DERIVADOS;67.620.377/0001-14
MNPR;MNPR3;MINUPAR;CONSUMO NÃO CÍCLICO;ALIMENTOS PROCESSADOS;CARNES E DERIVADOS;90.076.886/0001-40
CAML;CAML3;CAMIL;CONSUMO NÃO CÍCLICO;ALIMENTOS PROCESSADOS;ALIMENTOS DIVERSOS;64.904.295/0001-03
JMCD;;J.MACEDO;CONSUMO NÃO CÍCLICO;ALIMENTOS PROCESSADOS;ALIMENTOS DIVERSOS;
JOPA;JOPA3, JOPA4;JOSAPAR;CONSUMO NÃO CÍCLICO;ALIMENTOS PROCESSADOS;ALIMENTOS DIVERSOS;87.456.562/0001-22
MDIA;MDIA3;M.DIASBRANCO;CONSUMO NÃO CÍCLICO;ALIMENTOS PROCESSADOS;ALIMENTOS DIVERSOS;07.206.816/0001-15
ODER;ODER3, ODER4;ODERICH;CONSUMO NÃO CÍCLICO;ALIMENTOS PROCESSADOS;ALIMENTOS DIVERSOS;97.191.902/0001-94
ABEV;ABEV3;AMBEV S/A;CONSUMO NÃO CÍCLICO;BEBIDAS;CERVEJAS E REFRIGERANTES;07.526.557/0001-00
NTCO;NTCO3;GRUPO NATURA;CONSUMO NÃO CÍCLICO;PRODUTOS DE USO PESSOAL E DE LIMPEZA;PRODUTOS DE USO PESSOAL;32.785.497/0001-97
BOBR;BOBR3, BOBR4;BOMBRIL;CONSUMO NÃO CÍCLICO;PRODUTOS DE USO PESSOAL E DE LIMPEZA;PRODUTOS DE LIMPEZA;50.564.053/0001-03
CRFB;CRFB3;CARREFOUR BR;CONSUMO NÃO CÍCLICO;COMÉRCIO E DISTRIBUIÇÃO;ALIMENTOS;75.315.333/0001-09
PCAR;PCAR3;P.ACUCAR-CBD;CONSUMO NÃO CÍCLICO;COMÉRCIO E DISTRIBUIÇÃO;ALIMENTOS;47.508.411/0001-56
CALI;CALI3, CALI4;CONST A LIND;CONSUMO CÍCLICO;CONSTRUÇÃO CIVIL;INCORPORAÇÕES;61.022.042/0001-18
CRDE;CRDE3;CR2;CONSUMO CÍCLICO;CONSTRUÇÃO CIVIL;INCORPORAÇÕES;07.820.907/0001-46
CYRE;CYRE3;CYRELA REALT;CONSUMO CÍCLICO;CONSTRUÇÃO CIVIL;INCORPORAÇÕES;73.178.600/0001-18
DIRR;DIRR3;DIRECIONAL;CONSUMO CÍCLICO;CONSTRUÇÃO CIVIL;INCORPORAÇÕES;16.614.075/0001-00
EVEN;EVEN3;EVEN;CONSUMO CÍCLICO;CONSTRUÇÃO CIVIL;INCORPORAÇÕES;43.470.988/0001-65
EZTC;EZTC3;EZTEC;CONSUMO CÍCLICO;CONSTRUÇÃO CIVIL;INCORPORAÇÕES;08.312.229/0001-73
GFSA;GFSA3;GAFISA;CONSUMO CÍCLICO;CONSTRUÇÃO CIVIL;INCORPORAÇÕES;01.545.826/0001-07
HBOR;HBOR3;HELBOR;CONSUMO CÍCLICO;CONSTRUÇÃO CIVIL;INCORPORAÇÕES;49.263.189/0001-02
INNT;INNT3;INTER SA;CONSUMO CÍCLICO;CONSTRUÇÃO CIVIL;INCORPORAÇÕES;09.611.768/0001-76
JHSF;JHSF3;JHSF PART;CONSUMO CÍCLICO;CONSTRUÇÃO CIVIL;INCORPORAÇÕES;08.294.224/0001-65
JFEN;JFEN3;JOAO FORTES;CONSUMO CÍCLICO;CONSTRUÇÃO CIVIL;INCORPORAÇÕES;33.035.536/0001-00
MTRE;MTRE3;MITRE REALTY;CONSUMO CÍCLICO;CONSTRUÇÃO CIVIL;INCORPORAÇÕES;07.882.930/0001-65
MDNE;MDNE3;MOURA DUBEUX;CONSUMO CÍCLICO;CONSTRUÇÃO CIVIL;INCORPORAÇÕES;12.049.631/0001-84
MRVE;MRVE3;MRV;CONSUMO CÍCLICO;CONSTRUÇÃO CIVIL;INCORPORAÇÕES;08.343.492/0001-20
PDGR;PDGR3;PDG REALT;CONSUMO CÍCLICO;CONSTRUÇÃO CIVIL;INCORPORAÇÕES;02.950.811/0001-89
RDNI;RDNI3;RNI;CONSUMO CÍCLICO;CONSTRUÇÃO CIVIL;INCORPORAÇÕES;67.010.660/0001-24
RSID;RSID3;ROSSI RESID;CONSUMO CÍCLICO;CONSTRUÇÃO CIVIL;INCORPORAÇÕES;61.065.751/0001-80
TCSA;TCSA3;TECNISA;CONSUMO CÍCLICO;CONSTRUÇÃO CIVIL;INCORPORAÇÕES;08.065.557/0001-12
TEND;TEND3;TENDA;CONSUMO CÍCLICO;CONSTRUÇÃO CIVIL;INCORPORAÇÕES;71.476.527/0001-35
TRIS;TRIS3;TRISUL;CONSUMO CÍCLICO;CONSTRUÇÃO CIVIL;INCORPORAÇÕES;08.811.643/0001-27
VIVR;VIVR3;VIVER;CONSUMO CÍCLICO;CONSTRUÇÃO CIVIL;INCORPORAÇÕES;67.571.414/0001-41
CEDO;CEDO4, CEDO3;CEDRO;CONSUMO CÍCLICO;TECIDOS, VESTUÁRIO E CALÇADOS;FIOS E TECIDOS;17.245.234/0001-00
CTNM;CTNM4, CTNM3;COTEMINAS;CONSUMO CÍCLICO;TECIDOS, VESTUÁRIO E CALÇADOS;FIOS E TECIDOS;22.677.520/0001-76
DOHL;DOHL3, DOHL4;DOHLER;CONSUMO CÍCLICO;TECIDOS, VESTUÁRIO E CALÇADOS;FIOS E TECIDOS;84.683.408/0001-03
ECPR;ECPR3, ECPR4;ENCORPAR;CONSUMO CÍCLICO;TECIDOS, VESTUÁRIO E CALÇADOS;FIOS E TECIDOS;01.971.614/0001-83
CATA;CATA3, CATA4;IND CATAGUAS;CONSUMO CÍCLICO;TECIDOS, VESTUÁRIO E CALÇADOS;FIOS E TECIDOS;19.526.748/0001-50
CTKA;CTKA4, CTKA3;KARSTEN;CONSUMO CÍCLICO;TECIDOS, VESTUÁRIO E CALÇADOS;FIOS E TECIDOS;82.640.558/0001-04
PTNT;PTNT3, PTNT4;PETTENATI;CONSUMO CÍCLICO;TECIDOS, VESTUÁRIO E CALÇADOS;FIOS E TECIDOS;88.613.658/0001-10
CTSA;CTSA3, CTSA4, CTSA8;SANTANENSE;CONSUMO CÍCLICO;TECIDOS, VESTUÁRIO E CALÇADOS;FIOS E TECIDOS;21.255.567/0001-89
SGPS;SGPS3;SPRINGS;CONSUMO CÍCLICO;TECIDOS, VESTUÁRIO E CALÇADOS;FIOS E TECIDOS;07.718.269/0001-57
TEKA;TEKA3, TEKA4;TEKA;CONSUMO CÍCLICO;TECIDOS, VESTUÁRIO E CALÇADOS;FIOS E TECIDOS;82.636.986/0001-55
TXRX;;TEX RENAUX;CONSUMO CÍCLICO;TECIDOS, VESTUÁRIO E CALÇADOS;FIOS E TECIDOS;
HGTX;HGTX3;CIA HERING;CONSUMO CÍCLICO;TECIDOS, VESTUÁRIO E CALÇADOS;VESTUÁRIO;78.876.950/0001-71
ALPA;ALPA3, ALPA4;ALPARGATAS;CONSUMO CÍCLICO;TECIDOS, VESTUÁRIO E CALÇADOS;CALÇADOS;61.079.117/0001-05
CAMB;CAMB3;CAMBUCI;CONSUMO CÍCLICO;TECIDOS, VESTUÁRIO E CALÇADOS;CALÇADOS;61.088.894/0001-08
GRND;GRND3;GRENDENE;CONSUMO CÍCLICO;TECIDOS, VESTUÁRIO E CALÇADOS;CALÇADOS;89.850.341/0001-60
VULC;VULC3;VULCABRAS;CONSUMO CÍCLICO;TECIDOS, VESTUÁRIO E CALÇADOS;CALÇADOS;50.926.955/0001-42
MNDL;MNDL3;MUNDIAL;CONSUMO CÍCLICO;TECIDOS, VESTUÁRIO E CALÇADOS;ACESSÓRIOS;88.610.191/0001-54
TECN;TECN3;TECHNOS;CONSUMO CÍCLICO;TECIDOS, VESTUÁRIO E CALÇADOS;ACESSÓRIOS;09.295.063/0001-97
VIVA;VIVA3;VIVARA S.A.;CONSUMO CÍCLICO;TECIDOS, VESTUÁRIO E CALÇADOS;ACESSÓRIOS;33.839.910/0001-11
WHRL;WHRL3;WHIRLPOOL;CONSUMO CÍCLICO;UTILIDADES DOMÉSTICAS;ELETRODOMÉSTICOS;59.105.999/0001-86
UCAS;UCAS3;UNICASA;CONSUMO CÍCLICO;UTILIDADES DOMÉSTICAS;MÓVEIS;90.441.460/0001-48
HETA;HETA3, HETA4;HERCULES;CONSUMO CÍCLICO;UTILIDADES DOMÉSTICAS;UTENSÍLIOS DOMÉSTICOS;92.749.225/0001-63
MYPK;MYPK3;IOCHP-MAXION;CONSUMO CÍCLICO;AUTOMÓVEIS E MOTOCICLETAS;AUTOMÓVEIS E MOTOCICLETAS;61.156.113/0001-75
LEVE;LEVE3;METAL LEVE;CONSUMO CÍCLICO;AUTOMÓVEIS E MOTOCICLETAS;AUTOMÓVEIS E MOTOCICLETAS;60.476.884/0001-87
PLAS;PLAS3;PLASCAR PART;CONSUMO CÍCLICO;AUTOMÓVEIS E MOTOCICLETAS;AUTOMÓVEIS E MOTOCICLETAS;51.928.174/0001-50
HOOT;HOOT4;HOTEIS OTHON;CONSUMO CÍCLICO;HOTEIS E RESTAURANTES;HOTELARIA;33.200.049/0001-47
BKBR;BKBR3;BK BRASIL;CONSUMO CÍCLICO;HOTEIS E RESTAURANTES;RESTAURANTE E SIMILARES;13.574.594/0001-96
MEAL;MEAL3;IMC S/A;CONSUMO CÍCLICO;HOTEIS E RESTAURANTES;RESTAURANTE E SIMILARES;17.314.329/0001-20
BMKS;BMKS3;BIC MONARK;CONSUMO CÍCLICO;VIAGENS E LAZER;BICICLETAS;56.992.423/0001-90
ESTR;ESTR4, ESTR3;ESTRELA;CONSUMO CÍCLICO;VIAGENS E LAZER;BRINQUEDOS E JOGOS;61.082.004/0001-50
AHEB;AHEB3, AHEB5, AHEB6;SPTURIS;CONSUMO CÍCLICO;VIAGENS E LAZER;PRODUÇÃO DE EVENTOS E SHOWS;62.002.886/0001-60
SHOW;SHOW3;TIME FOR FUN;CONSUMO CÍCLICO;VIAGENS E LAZER;PRODUÇÃO DE EVENTOS E SHOWS;02.860.694/0001-62
CVCB;CVCB3;CVC BRASIL;CONSUMO CÍCLICO;VIAGENS E LAZER;VIAGENS E TURISMO;10.760.260/0001-19
SMFT;SMFT3;SMART FIT;CONSUMO CÍCLICO;VIAGENS E LAZER;ATIVIDADES ESPORTIVAS;07.594.978/0001-78
ANIM;ANIM3;ANIMA;CONSUMO CÍCLICO;DIVERSOS;SERVIÇOS EDUCACIONAIS;09.288.252/0001-32
BAHI;BAHI3;BAHEMA;CONSUMO CÍCLICO;DIVERSOS;SERVIÇOS EDUCACIONAIS;45.987.245/0001-92
COGN;COGN3;COGNA ON;CONSUMO CÍCLICO;DIVERSOS;SERVIÇOS EDUCACIONAIS;02.800.026/0001-40
SEER;SEER3;SER EDUCA;CONSUMO CÍCLICO;DIVERSOS;SERVIÇOS EDUCACIONAIS;04.986.320/0001-13
YDUQ;YDUQ3;YDUQS PART;CONSUMO CÍCLICO;DIVERSOS;SERVIÇOS EDUCACIONAIS;08.807.432/0001-10
RENT;RENT3;LOCALIZA;CONSUMO CÍCLICO;DIVERSOS;ALUGUEL DE CARROS;16.670.085/0001-55
LCAM;LCAM3;LOCAMERICA;CONSUMO CÍCLICO;DIVERSOS;ALUGUEL DE CARROS;10.215.988/0001-60
MSRO;MSRO3;MAESTROLOC;CONSUMO CÍCLICO;DIVERSOS;ALUGUEL DE CARROS;08.795.211/0001-70
MOVI;MOVI3;MOVIDA;CONSUMO CÍCLICO;DIVERSOS;ALUGUEL DE CARROS;21.314.559/0001-66
UNID;;UNIDAS;CONSUMO CÍCLICO;DIVERSOS;ALUGUEL DE CARROS;
SMLS;SMLS3;SMILES;CONSUMO CÍCLICO;DIVERSOS;PROGRAMAS DE FIDELIZAÇÃO;05.730.375/0001-20
ARZZ;ARZZ3;AREZZO CO;CONSUMO CÍCLICO;COMÉRCIO;TECIDOS, VESTUÁRIO E CALÇADOS;16.590.234/0001-76
CEAB;CEAB3;CEA MODAS;CONSUMO CÍCLICO;COMÉRCIO;TECIDOS, VESTUÁRIO E CALÇADOS;45.242.914/0001-05
CGRA;CGRA4, CGRA3;GRAZZIOTIN;CONSUMO CÍCLICO;COMÉRCIO;TECIDOS, VESTUÁRIO E CALÇADOS;92.012.467/0001-70
GUAR;GUAR3;GUARARAPES;CONSUMO CÍCLICO;COMÉRCIO;TECIDOS, VESTUÁRIO E CALÇADOS;08.402.943/0001-52
LLIS;LLIS3;LE LIS BLANC;CONSUMO CÍCLICO;COMÉRCIO;TECIDOS, VESTUÁRIO E CALÇADOS;49.669.856/0001-43
AMAR;AMAR3;LOJAS MARISA;CONSUMO CÍCLICO;COMÉRCIO;TECIDOS, VESTUÁRIO E CALÇADOS;61.189.288/0001-89
LREN;LREN3;LOJAS RENNER;CONSUMO CÍCLICO;COMÉRCIO;TECIDOS, VESTUÁRIO E CALÇADOS;92.754.738/0001-62
MGLU;MGLU3;MAGAZ LUIZA;CONSUMO CÍCLICO;COMÉRCIO;ELETRODOMÉSTICOS;47.960.950/0001-21
VVAR;VVAR3;VIAVAREJO;CONSUMO CÍCLICO;COMÉRCIO;ELETRODOMÉSTICOS;33.041.260/0652-90
BTOW;BTOW3;B2W DIGITAL;CONSUMO CÍCLICO;COMÉRCIO;PRODUTOS DIVERSOS;00.776.574/0001-56
CNTO;CNTO3;CENTAURO;CONSUMO CÍCLICO;COMÉRCIO;PRODUTOS DIVERSOS;13.217.485/0001-11
LAME;LAME3, LAME4;LOJAS AMERIC;CONSUMO CÍCLICO;COMÉRCIO;PRODUTOS DIVERSOS;33.014.556/0001-96
SLED;SLED4, SLED3;SARAIVA LIVR;CONSUMO CÍCLICO;COMÉRCIO;PRODUTOS DIVERSOS;60.500.139/0001-26
BIOM;BIOM3;BIOMM;SAÚDE;MEDICAMENTOS E OUTROS PRODUTOS;MEDICAMENTOS E OUTROS PRODUTOS;04.752.991/0001-10
GBIO;GBIO33;BIOTOSCANA;SAÚDE;MEDICAMENTOS E OUTROS PRODUTOS;MEDICAMENTOS E OUTROS PRODUTOS;19.688.956/0001-56
NRTQ;NRTQ3;NORTCQUIMICA;SAÚDE;MEDICAMENTOS E OUTROS PRODUTOS;MEDICAMENTOS E OUTROS PRODUTOS;29.950.060/0001-57
OFSA;OFSA3;OUROFINO S/A;SAÚDE;MEDICAMENTOS E OUTROS PRODUTOS;MEDICAMENTOS E OUTROS PRODUTOS;20.258.278/0001-70
ADHM;ADHM1, ADHM3;ADVANCED-DH;SAÚDE;SERVIÇOS MÉDICO - HOSPITALARES, ANÁLISES E DIAGNÓSTICOS;SERVIÇOS MÉDICO - HOSPITALARES, ANÁLISES E DIAGNÓSTICOS;10.345.009/0001-98
AALR;AALR3;ALLIAR;SAÚDE;SERVIÇOS MÉDICO - HOSPITALARES, ANÁLISES E DIAGNÓSTICOS;SERVIÇOS MÉDICO - HOSPITALARES, ANÁLISES E DIAGNÓSTICOS;42.771.949/0001-35
DASA;DASA3;DASA;SAÚDE;SERVIÇOS MÉDICO - HOSPITALARES, ANÁLISES E DIAGNÓSTICOS;SERVIÇOS MÉDICO - HOSPITALARES, ANÁLISES E DIAGNÓSTICOS;61.486.650/0001-83
FLRY;FLRY3;FLEURY;SAÚDE;SERVIÇOS MÉDICO - HOSPITALARES, ANÁLISES E DIAGNÓSTICOS;SERVIÇOS MÉDICO - HOSPITALARES, ANÁLISES E DIAGNÓSTICOS;60.840.055/0001-31
HAPV;HAPV3;HAPVIDA;SAÚDE;SERVIÇOS MÉDICO - HOSPITALARES, ANÁLISES E DIAGNÓSTICOS;SERVIÇOS MÉDICO - HOSPITALARES, ANÁLISES E DIAGNÓSTICOS;05.197.443/0001-38
PARD;PARD3;IHPARDINI;SAÚDE;SERVIÇOS MÉDICO - HOSPITALARES, ANÁLISES E DIAGNÓSTICOS;SERVIÇOS MÉDICO - HOSPITALARES, ANÁLISES E DIAGNÓSTICOS;19.378.769/0001-76
GNDI;GNDI3;INTERMEDICA;SAÚDE;SERVIÇOS MÉDICO - HOSPITALARES, ANÁLISES E DIAGNÓSTICOS;SERVIÇOS MÉDICO - HOSPITALARES, ANÁLISES E DIAGNÓSTICOS;19.853.511/0001-84
ODPV;ODPV3;ODONTOPREV;SAÚDE;SERVIÇOS MÉDICO - HOSPITALARES, ANÁLISES E DIAGNÓSTICOS;SERVIÇOS MÉDICO - HOSPITALARES, ANÁLISES E DIAGNÓSTICOS;58.119.199/0001-51
QUAL;QUAL3;QUALICORP;SAÚDE;SERVIÇOS MÉDICO - HOSPITALARES, ANÁLISES E DIAGNÓSTICOS;SERVIÇOS MÉDICO - HOSPITALARES, ANÁLISES E DIAGNÓSTICOS;11.992.680/0001-93
BALM;BALM4, BALM3;BAUMER;SAÚDE;EQUIPAMENTOS;EQUIPAMENTOS;61.374.161/0001-30
LMED;LMED3;LIFEMED;SAÚDE;EQUIPAMENTOS;EQUIPAMENTOS;02.357.251/0001-53
PNVL;PNVL4, PNVL3;DIMED;SAÚDE;COMÉRCIO E DISTRIBUIÇÃO;MEDICAMENTOS E OUTROS PRODUTOS;92.665.611/0001-77
HYPE;HYPE3;HYPERA;SAÚDE;COMÉRCIO E DISTRIBUIÇÃO;MEDICAMENTOS E OUTROS PRODUTOS;02.932.074/0001-91
PFRM;PFRM3;PROFARMA;SAÚDE;COMÉRCIO E DISTRIBUIÇÃO;MEDICAMENTOS E OUTROS PRODUTOS;45.453.214/0001-51
RADL;RADL3;RAIADROGASIL;SAÚDE;COMÉRCIO E DISTRIBUIÇÃO;MEDICAMENTOS E OUTROS PRODUTOS;61.585.865/0001-51
POSI;POSI3;POSITIVO TEC;TECNOLOGIA DA INFORMAÇÃO;COMPUTADORES E EQUIPAMENTOS;COMPUTADORES E EQUIPAMENTOS;81.243.735/0001-48
BRQB;BRQB3;BRQ;TECNOLOGIA DA INFORMAÇÃO;PROGRAMAS E SERVIÇOS;PROGRAMAS E SERVIÇOS;36.542.025/0001-64
LINX;LINX3;LINX;TECNOLOGIA DA INFORMAÇÃO;PROGRAMAS E SERVIÇOS;PROGRAMAS E SERVIÇOS;06.948.969/0001-75
LWSA;LWSA3;LOCAWEB;TECNOLOGIA DA INFORMAÇÃO;PROGRAMAS E SERVIÇOS;PROGRAMAS E SERVIÇOS;02.351.877/0001-52
QUSW;QUSW3;QUALITY SOFT;TECNOLOGIA DA INFORMAÇÃO;PROGRAMAS E SERVIÇOS;PROGRAMAS E SERVIÇOS;35.791.391/0001-94
SQIA;SQIA3;SINQIA;TECNOLOGIA DA INFORMAÇÃO;PROGRAMAS E SERVIÇOS;PROGRAMAS E SERVIÇOS;04.065.791/0001-99
TOTS;TOTS3;TOTVS;TECNOLOGIA DA INFORMAÇÃO;PROGRAMAS E SERVIÇOS;PROGRAMAS E SERVIÇOS;53.113.791/0001-22
ALGT;;ALGAR TELEC;COMUNICAÇÕES;TELECOMUNICAÇÕES;TELECOMUNICAÇÕES;
OIBR;OIBR4, OIBR3;OI;COMUNICAÇÕES;TELECOMUNICAÇÕES;TELECOMUNICAÇÕES;76.535.764/0001-43
TELB;TELB4, TELB3;TELEBRAS;COMUNICAÇÕES;TELECOMUNICAÇÕES;TELECOMUNICAÇÕES;00.336.701/0001-04
VIVT;VIVT3, VIVT4;TELEF BRASIL;COMUNICAÇÕES;TELECOMUNICAÇÕES;TELECOMUNICAÇÕES;02.558.157/0001-62
TIMP;TIMP3;TIM PART S/A;COMUNICAÇÕES;TELECOMUNICAÇÕES;TELECOMUNICAÇÕES;02.558.115/0001-21
CNSY;CNSY3;CINESYSTEM;COMUNICAÇÕES;MÍDIA;PRODUÇÃO E DIFUSÃO DE FILMES E PROGRAMAS;07.437.016/0001-05
AESL;;AES SUL;UTILIDADE PÚBLICA;ENERGIA ELÉTRICA;ENERGIA ELÉTRICA;
TIET;TIET11, TIET3, TIET4;AES TIETE E;UTILIDADE PÚBLICA;ENERGIA ELÉTRICA;ENERGIA ELÉTRICA;04.128.563/0001-10
AFLT;AFLT3;AFLUENTE T;UTILIDADE PÚBLICA;ENERGIA ELÉTRICA;ENERGIA ELÉTRICA;10.338.320/0001-00
ALUP;ALUP11, ALUP3, ALUP4;ALUPAR;UTILIDADE PÚBLICA;ENERGIA ELÉTRICA;ENERGIA ELÉTRICA;08.364.948/0001-38
CBEE;CBEE3;AMPLA ENERG;UTILIDADE PÚBLICA;ENERGIA ELÉTRICA;ENERGIA ELÉTRICA;33.050.071/0001-58
CPTE;;CACHOEIRA;UTILIDADE PÚBLICA;ENERGIA ELÉTRICA;ENERGIA ELÉTRICA;
CEBR;CEBR6, CEBR5, CEBR3;CEB;UTILIDADE PÚBLICA;ENERGIA ELÉTRICA;ENERGIA ELÉTRICA;00.070.698/0001-11
CEED;CEED4, CEED3;CEEE-D;UTILIDADE PÚBLICA;ENERGIA ELÉTRICA;ENERGIA ELÉTRICA;08.467.115/0001-00
EEEL;EEEL4, EEEL3;CEEE-GT;UTILIDADE PÚBLICA;ENERGIA ELÉTRICA;ENERGIA ELÉTRICA;92.715.812/0001-31
CLSC;CLSC4, CLSC3;CELESC;UTILIDADE PÚBLICA;ENERGIA ELÉTRICA;ENERGIA ELÉTRICA;83.878.892/0001-55
GPAR;GPAR3;CELGPAR;UTILIDADE PÚBLICA;ENERGIA ELÉTRICA;ENERGIA ELÉTRICA;08.560.444/0001-93
CEPE;CEPE5, CEPE3;CELPE;UTILIDADE PÚBLICA;ENERGIA ELÉTRICA;ENERGIA ELÉTRICA;10.835.932/0001-08
CMIG;CMIG4, CMIG3;CEMIG;UTILIDADE PÚBLICA;ENERGIA ELÉTRICA;ENERGIA ELÉTRICA;17.155.730/0001-64
CMGD;;CEMIG DIST;UTILIDADE PÚBLICA;ENERGIA ELÉTRICA;ENERGIA ELÉTRICA;
CMGT;;CEMIG GT;UTILIDADE PÚBLICA;ENERGIA ELÉTRICA;ENERGIA ELÉTRICA;
CESP;CESP6, CESP5, CESP3;CESP;UTILIDADE PÚBLICA;ENERGIA ELÉTRICA;ENERGIA ELÉTRICA;60.933.603/0001-78
CEEB;CEEB3, CEEB5, CEEB6;COELBA;UTILIDADE PÚBLICA;ENERGIA ELÉTRICA;ENERGIA ELÉTRICA;15.139.629/0001-94
COCE;COCE6, COCE5, COCE3;COELCE;UTILIDADE PÚBLICA;ENERGIA ELÉTRICA;ENERGIA ELÉTRICA;07.047.251/0001-70
CPLE;CPLE6, CPLE5, CPLE3;COPEL;UTILIDADE PÚBLICA;ENERGIA ELÉTRICA;ENERGIA ELÉTRICA;76.483.817/0001-20
CSRN;CSRN3, CSRN5, CSRN6;COSERN;UTILIDADE PÚBLICA;ENERGIA ELÉTRICA;ENERGIA ELÉTRICA;08.324.196/0001-81
CPFE;CPFE3;CPFL ENERGIA;UTILIDADE PÚBLICA;ENERGIA ELÉTRICA;ENERGIA ELÉTRICA;02.429.144/0001-93
CPFG;;CPFL GERACAO;UTILIDADE PÚBLICA;ENERGIA ELÉTRICA;ENERGIA ELÉTRICA;
CPFP;;CPFL PIRATIN;UTILIDADE PÚBLICA;ENERGIA ELÉTRICA;ENERGIA ELÉTRICA;
CPRE;CPRE3;CPFL RENOVAV;UTILIDADE PÚBLICA;ENERGIA ELÉTRICA;ENERGIA ELÉTRICA;08.439.659/0001-50
EBEN;;EBE;UTILIDADE PÚBLICA;ENERGIA ELÉTRICA;ENERGIA ELÉTRICA;
EKTR;EKTR3, EKTR4;ELEKTRO;UTILIDADE PÚBLICA;ENERGIA ELÉTRICA;ENERGIA ELÉTRICA;02.328.280/0001-97
ELET;ELET3, ELET5, ELET6;ELETROBRAS;UTILIDADE PÚBLICA;ENERGIA ELÉTRICA;ENERGIA ELÉTRICA;00.001.180/0001-26
LIPR;LIPR3;ELETROPAR;UTILIDADE PÚBLICA;ENERGIA ELÉTRICA;ENERGIA ELÉTRICA;01.104.937/0001-70
EMAE;EMAE3, EMAE4;EMAE;UTILIDADE PÚBLICA;ENERGIA ELÉTRICA;ENERGIA ELÉTRICA;02.302.101/0001-42
ENBR;ENBR3;ENERGIAS BR;UTILIDADE PÚBLICA;ENERGIA ELÉTRICA;ENERGIA ELÉTRICA;03.983.431/0001-03
ENGI;ENGI11, ENGI3, ENGI4;ENERGISA;UTILIDADE PÚBLICA;ENERGIA ELÉTRICA;ENERGIA ELÉTRICA;00.864.214/0001-06
ENMT;ENMT3, ENMT4;ENERGISA MT;UTILIDADE PÚBLICA;ENERGIA ELÉTRICA;ENERGIA ELÉTRICA;03.467.321/0001-99
ENER;;ENERSUL;UTILIDADE PÚBLICA;ENERGIA ELÉTRICA;ENERGIA ELÉTRICA;
ENEV;ENEV3;ENEVA;UTILIDADE PÚBLICA;ENERGIA ELÉTRICA;ENERGIA ELÉTRICA;04.423.567/0001-21
EGIE;EGIE3;ENGIE BRASIL;UTILIDADE PÚBLICA;ENERGIA ELÉTRICA;ENERGIA ELÉTRICA;02.474.103/0001-19
EQPA;EQPA3, EQPA5, EQPA6, EQPA7;EQTL PARA;UTILIDADE PÚBLICA;ENERGIA ELÉTRICA;ENERGIA ELÉTRICA;04.895.728/0001-80
EQMA;;EQTLMARANHAO;UTILIDADE PÚBLICA;ENERGIA ELÉTRICA;ENERGIA ELÉTRICA;
EQTL;EQTL3;EQUATORIAL;UTILIDADE PÚBLICA;ENERGIA ELÉTRICA;ENERGIA ELÉTRICA;03.220.438/0001-73
ESCE;;ESCELSA;UTILIDADE PÚBLICA;ENERGIA ELÉTRICA;ENERGIA ELÉTRICA;
FGEN;;FGENERGIA;UTILIDADE PÚBLICA;ENERGIA ELÉTRICA;ENERGIA ELÉTRICA;
GEPA;GEPA3, GEPA4;GER PARANAP;UTILIDADE PÚBLICA;ENERGIA ELÉTRICA;ENERGIA ELÉTRICA;02.998.301/0001-81
ITPB;;ITAPEBI;UTILIDADE PÚBLICA;ENERGIA ELÉTRICA;ENERGIA ELÉTRICA;
LIGH;;LIGHT;UTILIDADE PÚBLICA;ENERGIA ELÉTRICA;ENERGIA ELÉTRICA;
LIGT;LIGT3;LIGHT S/A;UTILIDADE PÚBLICA;ENERGIA ELÉTRICA;ENERGIA ELÉTRICA;03.378.521/0001-75
NEOE;NEOE3;NEOENERGIA;UTILIDADE PÚBLICA;ENERGIA ELÉTRICA;ENERGIA ELÉTRICA;01.083.200/0001-18
OMGE;OMGE3;OMEGA GER;UTILIDADE PÚBLICA;ENERGIA ELÉTRICA;ENERGIA ELÉTRICA;09.149.503/0001-06
PALF;;PAUL F LUZ;UTILIDADE PÚBLICA;ENERGIA ELÉTRICA;ENERGIA ELÉTRICA;
PRMN;PRMN3B;PROMAN;UTILIDADE PÚBLICA;ENERGIA ELÉTRICA;ENERGIA ELÉTRICA;02.291.077/0001-93
REDE;REDE3;REDE ENERGIA;UTILIDADE PÚBLICA;ENERGIA ELÉTRICA;ENERGIA ELÉTRICA;61.584.140/0001-49
RNEW;RNEW11, RNEW4, RNEW3;RENOVA;UTILIDADE PÚBLICA;ENERGIA ELÉTRICA;ENERGIA ELÉTRICA;08.534.605/0001-74
STKF;STKF3;STATKRAFT;UTILIDADE PÚBLICA;ENERGIA ELÉTRICA;ENERGIA ELÉTRICA;00.622.416/0001-41
STEN;;STO ANTONIO;UTILIDADE PÚBLICA;ENERGIA ELÉTRICA;ENERGIA ELÉTRICA;
TAEE;TAEE11, TAEE3, TAEE4;TAESA;UTILIDADE PÚBLICA;ENERGIA ELÉTRICA;ENERGIA ELÉTRICA;07.859.971/0001-30
TMPE;;TERMOPE;UTILIDADE PÚBLICA;ENERGIA ELÉTRICA;ENERGIA ELÉTRICA;
TEPE;;TERM. PE III;UTILIDADE PÚBLICA;ENERGIA ELÉTRICA;ENERGIA ELÉTRICA;
TRPL;TRPL3, TRPL4;TRAN PAULIST;UTILIDADE PÚBLICA;ENERGIA ELÉTRICA;ENERGIA ELÉTRICA;02.998.611/0001-04
UPKP;UPKP3B;UPTICK;UTILIDADE PÚBLICA;ENERGIA ELÉTRICA;ENERGIA ELÉTRICA;02.162.616/0001-94
CASN;CASN4, CASN3;CASAN;UTILIDADE PÚBLICA;ÁGUA E SANEAMENTO;ÁGUA E SANEAMENTO;82.508.433/0001-17
CSMG;CSMG3;COPASA;UTILIDADE PÚBLICA;ÁGUA E SANEAMENTO;ÁGUA E SANEAMENTO;17.281.106/0001-03
IGSN;IGSN3;IGUA SA;UTILIDADE PÚBLICA;ÁGUA E SANEAMENTO;ÁGUA E SANEAMENTO;08.159.965/0001-33
SBSP;SBSP3;SABESP;UTILIDADE PÚBLICA;ÁGUA E SANEAMENTO;ÁGUA E SANEAMENTO;43.776.517/0001-80
SAPR;SAPR4, SAPR3, SAPR11;SANEPAR;UTILIDADE PÚBLICA;ÁGUA E SANEAMENTO;ÁGUA E SANEAMENTO;76.484.013/0001-45
SNST;;SANESALTO;UTILIDADE PÚBLICA;ÁGUA E SANEAMENTO;ÁGUA E SANEAMENTO;
CEGR;CEGR3;CEG;UTILIDADE PÚBLICA;GÁS;GÁS;33.938.119/0001-69
CGAS;CGAS3, CGAS5;COMGAS;UTILIDADE PÚBLICA;GÁS;GÁS;61.856.571/0001-17
ABCB;ABCB4;ABC BRASIL;FINANCEIRO;INTERMEDIÁRIOS FINANCEIROS;BANCOS;28.195.667/0001-06
RPAD;RPAD3, RPAD5, RPAD6;ALFA HOLDING;FINANCEIRO;INTERMEDIÁRIOS FINANCEIROS;BANCOS;17.167.396/0001-69
BRIV;BRIV3, BRIV4;ALFA INVEST;FINANCEIRO;INTERMEDIÁRIOS FINANCEIROS;BANCOS;60.770.336/0001-65
BAZA;BAZA3;AMAZONIA;FINANCEIRO;INTERMEDIÁRIOS FINANCEIROS;BANCOS;04.902.979/0001-44
BMGB;BMGB4;BANCO BMG;FINANCEIRO;INTERMEDIÁRIOS FINANCEIROS;BANCOS;61.186.680/0001-74
BIDI;BIDI3, BIDI11, BIDI4;BANCO INTER;FINANCEIRO;INTERMEDIÁRIOS FINANCEIROS;BANCOS;00.416.968/0001-01
BPAN;BPAN4;BANCO PAN;FINANCEIRO;INTERMEDIÁRIOS FINANCEIROS;BANCOS;59.285.411/0001-13
BGIP;BGIP3, BGIP4;BANESE;FINANCEIRO;INTERMEDIÁRIOS FINANCEIROS;BANCOS;13.009.717/0001-46
BEES;BEES3, BEES4;BANESTES;FINANCEIRO;INTERMEDIÁRIOS FINANCEIROS;BANCOS;28.127.603/0001-78
BPAR;BPAR3;BANPARA;FINANCEIRO;INTERMEDIÁRIOS FINANCEIROS;BANCOS;04.913.711/0001-08
BRSR;BRSR6, BRSR5, BRSR3;BANRISUL;FINANCEIRO;INTERMEDIÁRIOS FINANCEIROS;BANCOS;92.702.067/0001-96
BBDC;BBDC4, BBDC3;BRADESCO;FINANCEIRO;INTERMEDIÁRIOS FINANCEIROS;BANCOS;60.746.948/0001-12
BBAS;BBAS11, BBAS12, BBAS3;BRASIL;FINANCEIRO;INTERMEDIÁRIOS FINANCEIROS;BANCOS;00.000.000/0001-91
BSLI;BSLI4, BSLI3;BRB BANCO;FINANCEIRO;INTERMEDIÁRIOS FINANCEIROS;BANCOS;00.000.208/0001-00
BPAC;BPAC11, BPAC3, BPAC5;BTGP BANCO;FINANCEIRO;INTERMEDIÁRIOS FINANCEIROS;BANCOS;30.306.294/0001-45
IDVL;IDVL3, IDVL4;INDUSVAL;FINANCEIRO;INTERMEDIÁRIOS FINANCEIROS;BANCOS;61.024.352/0001-71
ITSA;ITSA3, ITSA4;ITAUSA;FINANCEIRO;INTERMEDIÁRIOS FINANCEIROS;BANCOS;61.532.644/0001-15
ITUB;ITUB3, ITUB4;ITAUUNIBANCO;FINANCEIRO;INTERMEDIÁRIOS FINANCEIROS;BANCOS;60.872.504/0001-23
BMEB;BMEB3, BMEB4;MERC BRASIL;FINANCEIRO;INTERMEDIÁRIOS FINANCEIROS;BANCOS;17.184.037/0001-10
BMIN;BMIN3, BMIN4;MERC INVEST;FINANCEIRO;INTERMEDIÁRIOS FINANCEIROS;BANCOS;34.169.557/0001-72
BNBR;BNBR3;NORD BRASIL;FINANCEIRO;INTERMEDIÁRIOS FINANCEIROS;BANCOS;07.237.373/0001-20
PRBC;;PARANA;FINANCEIRO;INTERMEDIÁRIOS FINANCEIROS;BANCOS;
PINE;PINE3, PINE4;PINE;FINANCEIRO;INTERMEDIÁRIOS FINANCEIROS;BANCOS;62.144.175/0001-20
SANB;SANB4, SANB3, SANB11;SANTANDER BR;FINANCEIRO;INTERMEDIÁRIOS FINANCEIROS;BANCOS;90.400.888/0001-42
CRIV;CRIV3, CRIV4;ALFA FINANC;FINANCEIRO;INTERMEDIÁRIOS FINANCEIROS;SOC. CRÉDITO E FINANCIAMENTO;17.167.412/0001-13
FNCN;FNCN3;FINANSINOS;FINANCEIRO;INTERMEDIÁRIOS FINANCEIROS;SOC. CRÉDITO E FINANCIAMENTO;91.669.747/0001-92
MERC;MERC3, MERC4;MERC FINANC;FINANCEIRO;INTERMEDIÁRIOS FINANCEIROS;SOC. CRÉDITO E FINANCIAMENTO;33.040.601/0001-87
BDLS;;BRADESCO LSG;FINANCEIRO;INTERMEDIÁRIOS FINANCEIROS;SOC. ARRENDAMENTO MERCANTIL;
BVLS;;BV LEASING;FINANCEIRO;INTERMEDIÁRIOS FINANCEIROS;SOC. ARRENDAMENTO MERCANTIL;
DBEN;;DIBENS LSG;FINANCEIRO;INTERMEDIÁRIOS FINANCEIROS;SOC. ARRENDAMENTO MERCANTIL;
BZRS;;BRAZIL REALT;FINANCEIRO;SECURITIZADORAS DE RECEBÍVEIS;SECURITIZADORAS DE RECEBÍVEIS;
BSCS;;BRAZILIAN SC;FINANCEIRO;SECURITIZADORAS DE RECEBÍVEIS;SECURITIZADORAS DE RECEBÍVEIS;
BRCS;;BRC SECURIT;FINANCEIRO;SECURITIZADORAS DE RECEBÍVEIS;SECURITIZADORAS DE RECEBÍVEIS;
WTVR;;BRPR 56 SEC;FINANCEIRO;SECURITIZADORAS DE RECEBÍVEIS;SECURITIZADORAS DE RECEBÍVEIS;
CBSC;;CIBRASEC;FINANCEIRO;SECURITIZADORAS DE RECEBÍVEIS;SECURITIZADORAS DE RECEBÍVEIS;
ECOA;;ECO SEC AGRO;FINANCEIRO;SECURITIZADORAS DE RECEBÍVEIS;SECURITIZADORAS DE RECEBÍVEIS;
GAFL;GAFL-CRA02B0;GAIA AGRO;FINANCEIRO;SECURITIZADORAS DE RECEBÍVEIS;SECURITIZADORAS DE RECEBÍVEIS;14.876.090/0001-93
GAIA;;GAIA SECURIT;FINANCEIRO;SECURITIZADORAS DE RECEBÍVEIS;SECURITIZADORAS DE RECEBÍVEIS;
OCTS;;OCTANTE SEC;FINANCEIRO;SECURITIZADORAS DE RECEBÍVEIS;SECURITIZADORAS DE RECEBÍVEIS;
PDGS;;PDG SECURIT;FINANCEIRO;SECURITIZADORAS DE RECEBÍVEIS;SECURITIZADORAS DE RECEBÍVEIS;
PLSC;;POLO CAP SEC;FINANCEIRO;SECURITIZADORAS DE RECEBÍVEIS;SECURITIZADORAS DE RECEBÍVEIS;
RBRA;;RBCAPITALRES;FINANCEIRO;SECURITIZADORAS DE RECEBÍVEIS;SECURITIZADORAS DE RECEBÍVEIS;
APCS;APCS-CRI05B0;TRUESEC;FINANCEIRO;SECURITIZADORAS DE RECEBÍVEIS;SECURITIZADORAS DE RECEBÍVEIS;12.130.744/0001-00
VERT;;VERTCIASEC;FINANCEIRO;SECURITIZADORAS DE RECEBÍVEIS;SECURITIZADORAS DE RECEBÍVEIS;
WTPI;;WTORRE PIC;FINANCEIRO;SECURITIZADORAS DE RECEBÍVEIS;SECURITIZADORAS DE RECEBÍVEIS;
BNDP;;BNDESPAR;FINANCEIRO;SERVIÇOS FINANCEIROS DIVERSOS;GESTÃO DE RECURSOS E INVESTIMENTOS;
BFRE;;BRAZILIAN FR;FINANCEIRO;SERVIÇOS FINANCEIROS DIVERSOS;GESTÃO DE RECURSOS E INVESTIMENTOS;
GPIV;GPIV33;GP INVEST;FINANCEIRO;SERVIÇOS FINANCEIROS DIVERSOS;GESTÃO DE RECURSOS E INVESTIMENTOS;07.857.850/0001-50
IDNT;IDNT3;IDEIASNET;FINANCEIRO;SERVIÇOS FINANCEIROS DIVERSOS;GESTÃO DE RECURSOS E INVESTIMENTOS;02.365.069/0001-44
PPLA;PPLA11;PPLA;FINANCEIRO;SERVIÇOS FINANCEIROS DIVERSOS;GESTÃO DE RECURSOS E INVESTIMENTOS;15.073.274/0001-88
B3SA;B3SA3;B3;FINANCEIRO;SERVIÇOS FINANCEIROS DIVERSOS;SERVIÇOS FINANCEIROS DIVERSOS;09.346.601/0001-25
CIEL;CIEL3;CIELO;FINANCEIRO;SERVIÇOS FINANCEIROS DIVERSOS;SERVIÇOS FINANCEIROS DIVERSOS;01.027.058/0001-91
BRGE;BRGE11, BRGE12, BRGE3, BRGE5, BRGE6, BRGE7, BRGE8;ALFA CONSORC;FINANCEIRO;PREVIDÊNCIA E SEGUROS;SEGURADORAS;17.193.806/0001-46
BBSE;BBSE3;BBSEGURIDADE;FINANCEIRO;PREVIDÊNCIA E SEGUROS;SEGURADORAS;17.344.597/0001-94
IRBR;IRBR3;IRBBRASIL RE;FINANCEIRO;PREVIDÊNCIA E SEGUROS;SEGURADORAS;33.376.989/0001-91
PSSA;PSSA3;PORTO SEGURO;FINANCEIRO;PREVIDÊNCIA E SEGUROS;SEGURADORAS;02.149.205/0001-69
CSAB;CSAB3, CSAB4;SEG AL BAHIA;FINANCEIRO;PREVIDÊNCIA E SEGUROS;SEGURADORAS;15.144.017/0001-90
SULA;SULA11, SULA3, SULA4;SUL AMERICA;FINANCEIRO;PREVIDÊNCIA E SEGUROS;SEGURADORAS;29.978.814/0001-87
APER;APER3;ALPER S.A.;FINANCEIRO;PREVIDÊNCIA E SEGUROS;CORRETORAS DE SEGUROS;11.721.921/0001-60
WIZS;WIZS3;WIZ S.A.;FINANCEIRO;PREVIDÊNCIA E SEGUROS;CORRETORAS DE SEGUROS;42.278.473/0001-03
ALSO;ALSO3;ALIANSCSONAE;FINANCEIRO;EXPLORAÇÃO DE IMÓVEIS;EXPLORAÇÃO DE IMÓVEIS;05.878.397/0001-32
BRML;BRML3;BR MALLS PAR;FINANCEIRO;EXPLORAÇÃO DE IMÓVEIS;EXPLORAÇÃO DE IMÓVEIS;06.977.745/0001-91
BRPR;BRPR3;BR PROPERT;FINANCEIRO;EXPLORAÇÃO DE IMÓVEIS;EXPLORAÇÃO DE IMÓVEIS;06.977.751/0001-49
CORR;CORR3, CORR4;COR RIBEIRO;FINANCEIRO;EXPLORAÇÃO DE IMÓVEIS;EXPLORAÇÃO DE IMÓVEIS;15.101.405/0001-93
CCPR;CCPR3;CYRE COM-CCP;FINANCEIRO;EXPLORAÇÃO DE IMÓVEIS;EXPLORAÇÃO DE IMÓVEIS;08.801.621/0001-86
GSHP;GSHP3;GENERALSHOPP;FINANCEIRO;EXPLORAÇÃO DE IMÓVEIS;EXPLORAÇÃO DE IMÓVEIS;08.764.621/0001-53
HBTS;HBTS3, HBTS5, HBTS6;HABITASUL;FINANCEIRO;EXPLORAÇÃO DE IMÓVEIS;EXPLORAÇÃO DE IMÓVEIS;87.762.563/0001-03
IGBR;IGBR3;IGB S/A;FINANCEIRO;EXPLORAÇÃO DE IMÓVEIS;EXPLORAÇÃO DE IMÓVEIS;43.185.362/0001-07
IGTA;IGTA3;IGUATEMI;FINANCEIRO;EXPLORAÇÃO DE IMÓVEIS;EXPLORAÇÃO DE IMÓVEIS;51.218.147/0001-93
JPSA;JPSA3;JEREISSATI;FINANCEIRO;EXPLORAÇÃO DE IMÓVEIS;EXPLORAÇÃO DE IMÓVEIS;60.543.816/0001-93
LOGG;LOGG3;LOG COM PROP;FINANCEIRO;EXPLORAÇÃO DE IMÓVEIS;EXPLORAÇÃO DE IMÓVEIS;09.041.168/0001-10
MNZC;MNZC3B;MENEZES CORT;FINANCEIRO;EXPLORAÇÃO DE IMÓVEIS;EXPLORAÇÃO DE IMÓVEIS;02.664.042/0001-52
MULT;MULT3;MULTIPLAN;FINANCEIRO;EXPLORAÇÃO DE IMÓVEIS;EXPLORAÇÃO DE IMÓVEIS;07.816.890/0001-53
SCAR;SCAR3;SAO CARLOS;FINANCEIRO;EXPLORAÇÃO DE IMÓVEIS;EXPLORAÇÃO DE IMÓVEIS;29.780.061/0001-09
BBRK;BBRK3;BR BROKERS;FINANCEIRO;EXPLORAÇÃO DE IMÓVEIS;INTERMEDIAÇÃO IMOBILIÁRIA;08.613.550/0001-98
LPSB;LPSB3;LOPES BRASIL;FINANCEIRO;EXPLORAÇÃO DE IMÓVEIS;INTERMEDIAÇÃO IMOBILIÁRIA;08.078.847/0001-09
MOAR;MOAR3;MONT ARANHA;FINANCEIRO;HOLDINGS DIVERSIFICADAS;HOLDINGS DIVERSIFICADAS;33.102.476/0001-92
PEAB;PEAB3, PEAB4;PAR AL BAHIA;FINANCEIRO;HOLDINGS DIVERSIFICADAS;HOLDINGS DIVERSIFICADAS;01.938.783/0001-11
SPRI;SPRI3, SPRI5, SPRI6;SPRINGER;FINANCEIRO;HOLDINGS DIVERSIFICADAS;HOLDINGS DIVERSIFICADAS;92.929.520/0001-00
CTBA;;CEPAC - CTBA;FINANCEIRO;OUTROS TÍTULOS;OUTROS TÍTULOS;
MCRJ;;CEPAC - MCRJ;FINANCEIRO;OUTROS TÍTULOS;OUTROS TÍTULOS;
PMSP;;CEPAC - PMSP;FINANCEIRO;OUTROS TÍTULOS;OUTROS TÍTULOS;
QVQP;QVQP3B;524 PARTICIP;OUTROS;OUTROS;OUTROS;01.851.771/0001-55
ALEF;ALEF3B;ALEF S/A;OUTROS;OUTROS;OUTROS;02.217.319/0001-07
ATOM;ATOM3;ATOMPAR;OUTROS;OUTROS;OUTROS;00.359.742/0001-08
BETP;BETP3B;BETAPART;OUTROS;OUTROS;OUTROS;02.762.124/0001-30
CABI;CABI3B;CABINDA PART;OUTROS;OUTROS;OUTROS;04.030.182/0001-02
CACO;CACO3B;CACONDE PART;OUTROS;OUTROS;OUTROS;04.031.213/0001-31
CPTP;;CAPITALPART;OUTROS;OUTROS;OUTROS;
MAPT;MAPT4, MAPT3;CEMEPE;OUTROS;OUTROS;OUTROS;93.828.986/0001-73
CMSA;CMSA3, CMSA4;CIMS;OUTROS;OUTROS;OUTROS;00.272.185/0001-93
OPGM;OPGM3B;GAMA PART;OUTROS;OUTROS;OUTROS;02.796.775/0001-40
FIGE;FIGE3, FIGE4;INVEST BEMGE;OUTROS;OUTROS;OUTROS;01.548.981/0001-79
JBDU;JBDU3, JBDU4;J B DUARTE;OUTROS;OUTROS;OUTROS;60.637.238/0001-54
SPRT;;LONGDIS;OUTROS;OUTROS;OUTROS;
MGIP;;MGI PARTICIP;OUTROS;OUTROS;OUTROS;
OPHE;OPHE3B;OPPORT ENERG;OUTROS;OUTROS;OUTROS;02.318.346/0001-68
PPAR;PPAR3;POLPAR;OUTROS;OUTROS;OUTROS;59.789.545/0001-71
PRPT;PRPT3B;PROMPT PART;OUTROS;OUTROS;OUTROS;02.992.449/0001-09
SLCT;SLCT3B;SELECTPART;OUTROS;OUTROS;OUTROS;02.604.860/0001-60
OPSE;OPSE3B;SUDESTE S/A;OUTROS;OUTROS;OUTROS;02.062.747/0001-08
OPTS;OPTS3B;SUL 116 PART;OUTROS;OUTROS;OUTROS;01.957.772/0001-89
RRRP;RRRP3;3R PETROLEUM;PETRÓLEO. GÁS E BIOCOMBUSTÍVEIS;PETRÓLEO. GÁS E BIOCOMBUSTÍVEIS;EXPLORAÇÃO. REFINO E DISTRIBUIÇÃO;12.091.809/0001-55
AERI;AERI3;AERIS;BENS INDUSTRIAIS;MÁQUINAS E EQUIPAMENTOS;MÁQ. E EQUIP. INDUSTRIAIS;12.528.708/0001-07
ALLD;ALLD3;ALLIED;CONSUMO CÍCLICO;COMÉRCIO;ELETRODOMÉSTICOS;20.247.322/0001-47
ALPK;ALPK3;ESTAPAR;BENS INDUSTRIAIS;SERVIÇOS;SERVIÇOS DIVERSOS;60.537.263/0001-66
AVLL;AVLL3;ALPHAVILLE;CONSUMO CÍCLICO;CONSTRUÇÃO CIVIL;INCORPORAÇÕES;16.811.931/0001-00
AMBP;AMBP3;AMBIPAR;UTILIDADE PÚBLICA;ÁGUA E SANEAMENTO;ÁGUA E SANEAMENTO;12.648.266/0001-24
AURA;AURA33;AURA 360;MATERIAIS BÁSICOS;MINERAÇÃO;MINERAIS METÁLICOS;07.857.093/0001-14
BOAS;BOAS3;BOA VISTA;FINANCEIRO;SERVIÇOS FINANCEIROS DIVERSOS;SERVIÇOS FINANCEIROS DIVERSOS;11.725.176/0001-27
CURY;CURY3;CURY S/A;CONSUMO CÍCLICO;CONSTRUÇÃO CIVIL;INCORPORAÇÕES;08.797.760/0001-83
DMVF;DMVF3;D1000VFARMA;SAÚDE;COMÉRCIO E DISTRIBUIÇÃO;MEDICAMENTOS E OUTROS PRODUTOS;12.108.897/0001-50
ENJU;ENJU3;ENJOEI;TECNOLOGIA DA INFORMAÇÃO;PROGRAMAS E SERVIÇOS;PROGRAMAS E SERVIÇOS;16.922.038/0001-51
SOMA;SOMA3;GRUPO SOMA;CONSUMO CÍCLICO;COMÉRCIO;TECIDOS, VESTUÁRIO E CALÇADOS;10.285.590/0001-08
GMAT;GMAT3;GRUPO MATEUS;CONSUMO NÃO CÍCLICO;COMÉRCIO E DISTRIBUIÇÃO;ALIMENTOS;24.990.777/0001-09
HBRE;HBRE3;HBR REALTY;FINANCEIRO;EXPLORAÇÃO DE IMÓVEIS;EXPLORAÇÃO DE IMÓVEIS;14.785.152/0001-51
LAVV;LAVV3;LAVVI;CONSUMO CÍCLICO;CONSTRUÇÃO CIVIL;INCORPORAÇÕES;26.462.693/0001-28
LJQQ;LJQQ3;QUERO-QUERO;CONSUMO CÍCLICO;COMÉRCIO;PRODUTOS DIVERSOS;96.418.264/0218-02
CASH;CASH3;MELIUZ;TECNOLOGIA DA INFORMAÇÃO;PROGRAMAS E SERVIÇOS;PROGRAMAS E SERVIÇOS;14.110.585/0001-07
MELK;MELK3;MELNICK;CONSUMO CÍCLICO;CONSTRUÇÃO CIVIL;INCORPORAÇÕES;12.181.987/0001-77
NGRD;NGRD3;NEOGRID;TECNOLOGIA DA INFORMAÇÃO;PROGRAMAS E SERVIÇOS;PROGRAMAS E SERVIÇOS;10.139.870/0001-08
PETZ;PETZ3;PETZ;CONSUMO CÍCLICO;COMÉRCIO;PRODUTOS DIVERSOS;18.328.118/0001-09
PLPL;PLPL3;PLANOEPLANO;CONSUMO CÍCLICO;CONSTRUÇÃO CIVIL;INCORPORAÇÕES;24.230.275/0001-80
RDOR;RDOR3;REDE D OR;SAÚDE;SERVIÇOS MÉDICO - HOSPITALARES, ANÁLISES E DIAGNÓSTICOS;SERVIÇOS MÉDICO - HOSPITALARES, ANÁLISES E DIAGNÓSTICOS;06.047.087/0001-39
ASAI;ASAI3;ASSAI;CONSUMO NÃO CÍCLICO;COMÉRCIO E DISTRIBUIÇÃO;ALIMENTOS;06.057.223/0001-71
SEQL;SEQL3;SEQUOIA LOG;BENS INDUSTRIAIS;SERVIÇOS;SERVIÇOS DIVERSOS;01.599.101/0001-93
SIMH;SIMH3;SIMPAR;FINANCEIRO;HOLDINGS DIVERSIFICADAS;HOLDINGS DIVERSIFICADAS;07.415.333/0001-20
TIMS;TIMS3;TIM;COMUNICAÇÕES;TELECOMUNICAÇÕES;TELECOMUNICAÇÕES;02.421.421/0001-11
TFCO;TFCO4;TRACK FIELD;CONSUMO CÍCLICO;TECIDOS, VESTUÁRIO E CALÇADOS;VESTUÁRIO;59.418.806/0001-47
CSED;CSED3;CRUZEIRO EDU;CONSUMO CÍCLICO;DIVERSOS;SERVIÇOS EDUCACIONAIS;62.984.091/0001-02
CMIN;CMIN3;CSNMINERACAO;MATERIAIS BÁSICOS;MINERAÇÃO;MINERAIS METÁLICOS;08.902.291/0001-15
DESK;DESK3;DESKTOP;COMUNICAÇÕES;TELECOMUNICAÇÕES;TELECOMUNICAÇÕES;08.170.849/0001-15
DOTZ;DOTZ3;DOTZ SA;CONSUMO CÍCLICO;DIVERSOS;PROGRAMAS DE FIDELIZAÇÃO;18.174.270/0001-84
ELMD;ELMD3;ELETROMIDIA;COMUNICAÇÕES;MÍDIA;PUBLICIDADE E PROPAGANDA;09.347.516/0001-81
POWE;POWE3;FOCUS ON;UTILIDADE PÚBLICA;ENERGIA ELÉTRICA;ENERGIA ELÉTRICA;26.735.020/0001-02
G2DI;G2DI33;G2D INVEST;FINANCEIRO;SERVIÇOS FINANCEIROS DIVERSOS;GESTÃO DE RECURSOS E INVESTIMENTOS;38.307.135/0001-77
NINJ;NINJ3;GETNINJAS;TECNOLOGIA DA INFORMAÇÃO;PROGRAMAS E SERVIÇOS;PROGRAMAS E SERVIÇOS;14.127.813/0001-51
GGPS;GGPS3;GPS;BENS INDUSTRIAIS;SERVIÇOS;SERVIÇOS DIVERSOS;09.229.201/0001-30
MATD;MATD3;MATER DEI;SAÚDE;SERVIÇOS MÉDICO - HOSPITALARES, ANÁLISES E DIAGNÓSTICOS;SERVIÇOS MÉDICO - HOSPITALARES, ANÁLISES E DIAGNÓSTICOS;16.676.520/0001-59
AESB;AESB3;AES BRASIL;UTILIDADE PÚBLICA;ENERGIA ELÉTRICA;ENERGIA ELÉTRICA;37.663.076/0001-07
AGXY;AGXY3;AGROGALAXY;CONSUMO NÃO CÍCLICO;AGROPECUÁRIA;AGRICULTURA;21.240.146/0001-84
ARML;ARML3;ARMAC;CONSUMO CÍCLICO;DIVERSOS;ALUGUEL DE CARROS;00.242.184/0001-04
MODL;MODL3, MODL4, MODL11;MODALMAIS;FINANCEIRO;INTERMEDIÁRIOS FINANCEIROS;BANCOS;30.723.886/0001-62
BMOB;BMOB3;BEMOBI TECH;TECNOLOGIA DA INFORMAÇÃO;PROGRAMAS E SERVIÇOS;PROGRAMAS E SERVIÇOS;09.042.817/0001-05
SOJA;SOJA3;BOA SAFRA;CONSUMO CÍCLICO;AGROPECUÁRIA;AGRICULTURA;10.807.374/0001-77
BRBI;BRBI11;BR PARTNERS;FINANCEIRO;INTERMEDIÁRIOS FINANCEIROS;BANCOS;10.739.356/0001-03
BRIT;BRIT3;BRISANET;COMUNICAÇÕES;TELECOMUNICAÇÕES;TELECOMUNICAÇÕES;19.796.586/0001-70
CLSA;CLSA3;CLEARSALE;FINANCEIRO;SERVIÇOS FINANCEIROS DIVERSOS;SERVIÇOS FINANCEIROS DIVERSOS;03.802.115/0001-98
CBAV;CBAV3;CBA;MATERIAIS BÁSICOS;MINERAÇÃO;MINERAIS METÁLICOS;61.409.892/0001-73
GRAO;GRAO3;AGRIBRASIL;CONSUMO NÃO CÍCLICO;AGROPECUÁRIA;AGRICULTURA;18.483.666/0001-03
IFCM;IFCM3;INFRACOMM;TECNOLOGIA DA INFORMAÇÃO;PROGRAMAS E SERVIÇOS;PROGRAMAS E SERVIÇOS;38.456.921/0001-36
INTB;INTB3;INTELBRAS;TECNOLOGIA DA INFORMAÇÃO;COMPUTADORES E EQUIPAMENTOS;COMPUTADORES E EQUIPAMENTOS;82.901.000/0001-27
JALL;JALL3;JALLESMACHAD;CONSUMO NÃO CÍCLICO;ALIMENTOS PROCESSADOS;AÇUCAR E ALCOOL;02.635.522/0001-95
KLAS;KLAS3;KALLAS;CONSUMO CÍCLICO;CONSTRUÇÃO CIVIL;INCORPORAÇÕES;09.146.451/0001-06
KRSA;KRSA3;KORA SAUDE;SAÚDE;SERVIÇOS MÉDICO - HOSPITALARES, ANÁLISES E DIAGNÓSTICOS;SERVIÇOS MÉDICO - HOSPITALARES, ANÁLISES E DIAGNÓSTICOS;13.270.520/0001-66
LVTC;LVTC3;WDC NETWORKS;TECNOLOGIA DA INFORMAÇÃO;PROGRAMAS E SERVIÇOS;PROGRAMAS E SERVIÇOS;05.917.486/0001-40
LLBI;LLBI3, LLBI4;LE BISCUIT;CONSUMO CÍCLICO;COMÉRCIO;PRODUTOS DIVERSOS;16.233.389/0001-55
MBLY;MBLY3;MOBLY;TECNOLOGIA DA INFORMAÇÃO;PROGRAMAS E SERVIÇOS;PROGRAMAS E SERVIÇOS;31.553.627/0001-01
MOSI;MOSI3;MOSAICO;TECNOLOGIA DA INFORMAÇÃO;PROGRAMAS E SERVIÇOS;PROGRAMAS E SERVIÇOS;09.083.175/0001-84
ESPA;ESPA3;ESPACOLASER;CONSUMO CÍCLICO;COMÉRCIO;PRODUTOS DIVERSOS;26.659.061/0001-59
MLAS;MLAS3;MULTILASER;TECNOLOGIA DA INFORMAÇÃO;COMPUTADORES E EQUIPAMENTOS;COMPUTADORES E EQUIPAMENTOS;59.717.553/0001-02
OPCT;OPCT3;OCEANPACT;PETRÓLEO, GÁS E BIOCOMBUSTÍVEIS;PETRÓLEO, GÁS E BIOCOMBUSTÍVEIS;EQUIPAMENTOS E SERVIÇOS;09.114.805/0001-30
ONCO;ONCO3;ONCOCLINICAS;SAÚDE;SERVIÇOS MÉDICO - HOSPITALARES, ANÁLISES E DIAGNÓSTICOS;SERVIÇOS MÉDICO - HOSPITALARES, ANÁLISES E DIAGNÓSTICOS;12.104.241/0004-02
ORVR;ORVR3;ORIZON;UTILIDADE PÚBLICA;ÁGUA E SANEAMENTO;ÁGUA E SANEAMENTO;11.421.994/0001-36
RECV;RECV3;PETRORECSA;PETRÓLEO, GÁS E BIOCOMBUSTÍVEIS;PETRÓLEO, GÁS E BIOCOMBUSTÍVEIS;EXPLORAÇÃO, REFINO E DISTRIBUIÇÃO;03.342.704/0001-30
RAIZ;RAIZ4;RAIZEN;CONSUMO NÃO CÍCLICO;AGROPECUÁRIA;AGRICULTURA;33.453.598/0001-23
RBNS;RBNS11;RODOBENS;BENS INDUSTRIAIS;COMÉRCIO;MATERIAL DE TRANSPORTE;59.981.829/0001-65
TRAD;TRAD3;TC;TECNOLOGIA DA INFORMAÇÃO;PROGRAMAS E SERVIÇOS;PROGRAMAS E SERVIÇOS;26.345.998/0001-50
TEGA;TEGA3;TEGRA INCORP;CONSUMO CÍCLICO;CONSTRUÇÃO CIVIL;INCORPORAÇÕES;30.213.493/0001-09
LAND;LAND3;TERRASANTAPA;CONSUMO NÃO CÍCLICO;AGROPECUÁRIA;AGRICULTURA;40.337.136/0001-06
TTEN;TTEN3;3TENTOS;CONSUMO NÃO CÍCLICO;AGROPECUÁRIA;AGRICULTURA;94.813.102/0001-70
FIQE;FIQE3;UNIFIQUE;COMUNICAÇÕES;TELECOMUNICAÇÕES;TELECOMUNICAÇÕES;02.255.187/0001-08
WEST;WEST3;WESTWING;TECNOLOGIA DA INFORMAÇÃO;PROGRAMAS E SERVIÇOS;PROGRAMAS E SERVIÇOS;14.776.142/0001-50
